Filename,!!!Encoder,!!!Section,!!!Page,!!!Chapter,Key,Mode
Berkowitz1,DJB,I,5,1,C,NA
Berkowitz2,DJB,I,5,1,F,NA
Berkowitz3,DJB,I,5,1,F,NA
Berkowitz4,DJB,I,6,1,F,NA
Berkowitz5,DJB,I,6,1,G,NA
Berkowitz6,DJB,I,6,1,D,NA
Berkowitz7,DJB,I,6,1,D,NA
Berkowitz8,DJB,I,6,1,G,NA
Berkowitz9,DJB,I,6,1,B-,NA
Berkowitz10,DJB,I,7,1,B-,NA
Berkowitz11,DJB,I,7,1,C,NA
Berkowitz12,DJB,I,7,1,D,NA
Berkowitz13,DJB,I,7,1,B-,NA
Berkowitz14,DJB,I,7,1,E-,NA
Berkowitz15,DJB,I,7,1,D,NA
Berkowitz16,DJB,I,8,1,D,NA
Berkowitz17,DJB,I,8,1,B-,NA
Berkowitz18,DJB,I,8,1,F,NA
Berkowitz19,DJB,I,8,1,F,NA
Berkowitz20,DJB,I,8,1,A,NA
Berkowitz21,DJB,I,8,1,A,NA
Berkowitz22,DJB,I,9,1,A,NA
Berkowitz23,DJB,I,9,1,G,NA
Berkowitz24,DJB,I,9,1,E-,NA
Berkowitz25,DJB,I,9,1,E-,NA
Berkowitz26,DJB,I,9,1,G,NA
Berkowitz27,DJB,I,9,1,D,NA
Berkowitz28,DJB,I,9,1,B-,NA
Berkowitz29,DJB,I,10,1,E-,NA
Berkowitz30,DJB,I,10,1,F,NA
Berkowitz31,DJB,I,10,1,A-,NA
Berkowitz32,DJB,I,10,1,B-,NA
Berkowitz33,DJB,I,10,1,F,NA
Berkowitz34,DJB,I,10,1,A-,NA
Berkowitz35,DJB,I,11,1,G,NA
Berkowitz36,DJB,I,11,1,g,NA
Berkowitz37,DJB,I,11,1,g,NA
Berkowitz38,DJB,I,12,1,E-,NA
Berkowitz39,DJB,I,12,1,c,NA
Berkowitz40,DJB,I,12,1,g,NA
Berkowitz41,DJB,I,12,1,E-,NA
Berkowitz42,DJB,I,12,1,d,NA
Berkowitz43,DJB,I,13,1,d,NA
Berkowitz44,DJB,I,13,1,f,NA
Berkowitz45,DJB,I,13,1,A-,NA
Berkowitz46,DJB,I,13,1,A-,NA
Berkowitz47,DJB,I,14,1,C,NA
Berkowitz48,DJB,I,15,1,B-,NA
Berkowitz49,DJB,I,15,1,B-,NA
Berkowitz50,DJB,I,15,1,E,NA
Berkowitz51,DJB,I,15,1,E,NA
Berkowitz52,DJB,I,15,1,E,NA
Berkowitz53,DJB,I,16,1,A-,NA
Berkowitz54,DJB,I,16,1,A-,NA
Berkowitz55,DJB,I,16,1,A,NA
Berkowitz56,DJB,I,16,1,D,NA
Berkowitz57,DJB,I,16,1,G,NA
Berkowitz58,DJB,I,16,1,C,NA
Berkowitz59,DJB,I,17,1,C,NA
Berkowitz60,DJB,I,17,1,C,NA
Berkowitz61,DJB,I,17,1,D,NA
Berkowitz62,DJB,I,17,1,E-,NA
Berkowitz63,DJB,I,17,1,e,NA
Berkowitz64,DJB,I,18,1,f#,NA
Berkowitz65,DJB,I,18,1,f#,NA
Berkowitz66,DJB,I,18,1,f,NA
Berkowitz67,DJB,I,18,1,f,NA
Berkowitz68,DJB,I,18,1,E-,NA
Berkowitz69,DJB,I,19,1,A,NA
Berkowitz70,DJB,I,19,1,d,NA
Berkowitz71,DJB,I,19,1,C,NA
Berkowitz72,DJB,I,19,1,E,NA
Berkowitz73,DJB,I,19,1,C,NA
Berkowitz74,DJB,I,20,1,D,NA
Berkowitz75,DJB,I,20,1,d,NA
Berkowitz76,DJB,I,20,1,D,NA
Berkowitz77,DJB,I,20,1,d,NA
Berkowitz78,DJB,I,20,1,D,NA
Berkowitz79,DJB,I,20,1,d,NA
Berkowitz80,DJB,I,21,1,C,NA
Berkowitz81,DJB,I,21,1,B-,NA
Berkowitz82,DJB,I,21,1,E-,NA
Berkowitz83,DJB,I,21,1,A,NA
Berkowitz84,DJB,I,21,1,E,NA
Berkowitz85,DJB,I,22,1,e,NA
Berkowitz86,DJB,I,22,1,d,NA
Berkowitz87,DJB,I,22,1,A-,NA
Berkowitz88,DJB,I,22,1,e,NA
Berkowitz89,DJB,I,22,1,B-,NA
Berkowitz90,DJB,I,23,1,B-,NA
Berkowitz91,DJB,I,23,1,B-,NA
Berkowitz92,DJB,I,23,1,E,NA
Berkowitz93,DJB,I,23,1,e,NA
Berkowitz94,DJB,I,23,1,C,NA
Berkowitz95,DJB,I,24,1,G,NA
Berkowitz96,DJB,I,24,1,c,NA
Berkowitz97,DJB,I,24,1,c#,NA
Berkowitz98,DJB,I,24,1,A,NA
Berkowitz99,DJB,I,25,1,e,NA
Berkowitz100,DJB,I,25,1,C,NA
Berkowitz101,DJB,I,25,1,E-,NA
Berkowitz102,DJB,I,25,1,f#,NA
Berkowitz103,DJB,I,26,1,g,NA
Berkowitz104,DJB,I,26,1,c,NA
Berkowitz105,DJB,I,26,1,d,NA
Berkowitz106,DJB,I,26,1,E-,NA
Berkowitz107,DJB,I,26,1,D,NA
Berkowitz108,DJB,I,26,1,d,NA
Berkowitz109,DJB,I,27,1,D,NA
Berkowitz110,DJB,I,27,1,d,NA
Berkowitz111,DJB,I,27,1,d,NA
Berkowitz112,DJB,I,27,1,D,NA
Berkowitz113,DJB,I,27,1,d,NA
Berkowitz114,DJB,I,28,1,D,NA
Berkowitz115,DJB,I,28,1,E-,NA
Berkowitz116,DJB,I,28,1,B,NA
Berkowitz117,DJB,I,28,1,A-,NA
Berkowitz118,DJB,I,28,1,D,NA
Berkowitz119,DJB,I,28,1,D,NA
Berkowitz120,DJB,I,28,1,E-,NA
Berkowitz121,DJB,I,29,1,D,NA
Berkowitz122,DJB,I,29,1,g,NA
Berkowitz123,DJB,I,29,1,F,NA
Berkowitz124,DJB,I,29,1,c#,NA
Berkowitz125,DJB,I,29,1,g,NA
Berkowitz126,DJB,I,29,1,A-,NA
Berkowitz127,DJB,I,30,1,e,NA
Berkowitz128,DJB,I,30,1,F,NA
Berkowitz129,DJB,I,30,1,f,NA
Berkowitz130,DJB,I,30,1,f,NA
Berkowitz131,DJB,I,30,1,F,NA
Berkowitz132,DJB,I,30,1,D,NA
Berkowitz133,DJB,I,30,1,d,NA
Berkowitz134,DJB,I,30,1,A,NA
Berkowitz135,DJB,I,31,1,a,NA
Berkowitz136,DJB,I,31,1,B,NA
Berkowitz137,DJB,I,31,1,E,NA
Berkowitz138,DJB,I,31,1,d,NA
Berkowitz139,DJB,I,32,1,d,NA
Berkowitz140,DJB,I,32,1,D-,NA
Berkowitz141,DJB,I,32,1,D,NA
Berkowitz142,DJB,I,32,1,g,NA
Berkowitz143,DJB,I,32,1,G,NA
Berkowitz144,DJB,I,32,1,E,NA
Berkowitz145,DJB,I,33,1,E-,NA
Berkowitz146,DJB,I,33,1,G,NA
Berkowitz147,DJB,I,33,1,C,NA
Berkowitz148,DJB,I,33,1,b,NA
Berkowitz149,DJB,I,33,1,C,NA
Berkowitz150,DJB,I,34,1,c,NA
Berkowitz151,DJB,I,34,1,C,NA
Berkowitz152,DJB,I,34,1,c,NA
Berkowitz153,DJB,I,34,1,f,NA
Berkowitz154,DJB,I,34,1,F,NA
Berkowitz155,DJB,I,35,1,d,NA
Berkowitz156,DJB,I,35,1,f#,NA
Berkowitz157,DJB,I,35,1,B-,NA
Berkowitz158,DJB,I,35,1,A-,NA
Berkowitz159,DJB,I,36,1,F,NA
Berkowitz160,DJB,I,36,1,f,NA
Berkowitz161,DJB,I,36,1,e,NA
Berkowitz162,DJB,I,36,1,b,NA
Berkowitz163,DJB,I,36,1,f#,NA
Berkowitz164,DJB,I,36,1,G,NA
Berkowitz165,DJB,I,37,1,a,NA
Berkowitz166,DJB,I,37,1,A,NA
Berkowitz167,DJB,I,37,1,G,NA
Berkowitz168,DJB,I,38,1,g,NA
Berkowitz169,DJB,I,38,1,D,NA
Berkowitz170,DJB,I,38,1,d,NA
Berkowitz171,DJB,I,39,1,f,NA
Berkowitz172,DJB,I,39,1,C,NA
Berkowitz173,DJB,I,39,1,C,NA
Berkowitz174,DJB,I,40,1,c,NA
Berkowitz175,DJB,I,40,1,c,NA
Berkowitz176,DJB,I,40,1,C,NA
Berkowitz177,DJB,I,40,1,E,NA
Berkowitz178,DJB,I,40,1,e,NA
Berkowitz179,DJB,I,41,1,B-,NA
Berkowitz180,DJB,I,41,1,f,NA
Berkowitz181,DJB,II,43,1,D,NA
Berkowitz182,DJB,II,43,1,E-,NA
Berkowitz183,DJB,II,43,1,G,NA
Berkowitz184,DJB,II,44,1,g,NA
Berkowitz185,DJB,II,44,1,E-,NA
Berkowitz186,DJB,II,44,1,D,NA
Berkowitz187,DJB,II,44,1,A-,NA
Berkowitz188,DJB,II,45,1,A-,NA
Berkowitz189,DJB,II,45,1,A-,NA
Berkowitz190,DJB,II,45,1,E-,NA
Berkowitz191,DJB,II,45,1,b,NA
Berkowitz192,DJB,II,45,1,d,NA
Berkowitz193,DJB,II,45,1,E-,NA
Berkowitz194,DJB,II,46,1,E,NA
Berkowitz195,DJB,II,46,1,E-,NA
Berkowitz196,DJB,II,46,1,E-,NA
Berkowitz197,DJB,II,46,1,g,NA
Berkowitz198,DJB,II,46,1,f,NA
Berkowitz199,DJB,II,46,1,A-,NA
Berkowitz200,DJB,II,46,1,b-,NA
Berkowitz201,DJB,II,46,1,A,NA
Berkowitz202,DJB,II,46,1,F,NA
Berkowitz203,DJB,II,46,1,G,NA
Berkowitz204,DJB,II,46,1,D,NA
Berkowitz205,DJB,II,46,1,E,NA
Berkowitz206,DJB,II,46,1,d,NA
Berkowitz207,DJB,II,46,1,E-,NA
Berkowitz208,DJB,II,46,1,E,NA
Berkowitz209,DJB,II,46,1,f#,NA
Berkowitz210,DJB,II,46,1,D,NA
Berkowitz211,DJB,II,49,1,E-,NA
Berkowitz212,DJB,II,49,1,d,NA
Berkowitz213,DJB,II,50,1,c#,NA
Berkowitz214,DJB,II,50,1,D,NA
Berkowitz215,DJB,II,50,1,c,NA
Berkowitz216,DJB,II,50,1,B-,NA
Berkowitz217,DJB,II,50,1,F,NA
Berkowitz218,DJB,II,50,1,D,NA
Berkowitz219,DJB,II,51,1,A,NA
Berkowitz220,DJB,II,51,1,b,NA
Berkowitz221,DJB,II,51,1,D-,NA
Berkowitz222,DJB,II,51,1,E-,NA
Berkowitz223,DJB,II,51,1,E,NA
Berkowitz224,DJB,II,52,1,G,NA
Berkowitz225,DJB,II,52,1,F,NA
Berkowitz226,DJB,II,52,1,A,NA
Berkowitz227,DJB,II,52,1,f,NA
Berkowitz228,DJB,II,52,1,e,NA
Berkowitz229,DJB,II,53,1,C,NA
Berkowitz230,DJB,II,53,1,b-,NA
Berkowitz231,DJB,II,53,1,E,NA
Berkowitz232,DJB,II,53,1,d,NA
Berkowitz233,DJB,II,53,1,A-,NA
Berkowitz234,DJB,II,54,1,B-,NA
Berkowitz235,DJB,II,54,1,C,NA
Berkowitz236,DJB,II,54,1,d,NA
Berkowitz237,DJB,II,54,1,e,NA
Berkowitz238,DJB,II,55,1,d,NA
Berkowitz239,DJB,II,55,1,f,NA
Berkowitz240,DJB,II,55,1,g,NA
Berkowitz241,DJB,II,55,1,g,NA
Berkowitz242,DJB,II,56,1,d,NA
Berkowitz243,DJB,II,56,1,D,NA
Berkowitz244,DJB,II,56,1,f#,NA
Berkowitz245,DJB,II,56,1,D-,NA
Berkowitz246,DJB,II,57,1,E-,NA
Berkowitz247,DJB,II,57,1,A-,NA
Berkowitz248,DJB,II,57,1,c,NA
Berkowitz249,DJB,II,57,1,G,NA
Berkowitz250,DJB,II,58,1,b,NA
Berkowitz251,DJB,II,58,1,F,NA
Berkowitz252,DJB,II,58,1,D,NA
Berkowitz253,DJB,II,58,1,D-,NA
Berkowitz254,DJB,II,59,1,B-,NA
Berkowitz255,DJB,II,59,1,F,NA
Berkowitz256,DJB,II,59,1,A-,NA
Berkowitz257,DJB,II,60,1,E-,NA
Berkowitz258,DJB,II,60,1,g,NA
Berkowitz259,DJB,II,60,1,G,NA
Berkowitz260,DJB,II,60,1,f#,NA
Berkowitz261,DJB,II,61,1,c#,NA
Berkowitz262,DJB,II,61,1,B-,NA
Berkowitz263,DJB,II,61,1,A-,NA
Berkowitz264,DJB,II,62,1,e,NA
Berkowitz265,DJB,II,62,1,A,NA
Berkowitz266,DJB,II,62,1,B-,NA
Berkowitz267,DJB,II,62,1,c,NA
Berkowitz268,DJB,II,63,1,A,NA
Berkowitz269,DJB,II,63,1,f,NA
Berkowitz270,DJB,II,63,1,g,NA
Berkowitz271,DJB,II,64,1,D,NA
Berkowitz272,DJB,II,64,1,f,NA
Berkowitz273,DJB,II,65,1,G,NA
Berkowitz274,DJB,II,65,1,A,NA
Berkowitz275,DJB,II,65,1,e,NA
Berkowitz276,DJB,II,66,1,d,Dorian
Berkowitz277,DJB,II,66,1,g,Dorian
Berkowitz278,DJB,II,66,1,g,Dorian
Berkowitz279,DJB,II,66,1,g,Dorian
Berkowitz280,DJB,II,67,1,e,Phrygian
Berkowitz281,DJB,II,67,1,B-,Mixolydian
Berkowitz282,DJB,II,67,1,G,Mixolydian
Berkowitz283,DJB,II,67,1,G,Mixolydian
Berkowitz284,DJB,II,68,1,D,Mixolydian
Berkowitz285,DJB,II,68,1,a,Aeolian
Berkowitz286,DJB,II,68,1,a,Aeolian
Berkowitz287,DJB,II,68,1,d,Aeolian
Berkowitz288,DJB,III,69,1,d,NA
Berkowitz289,DJB,III,69,1,D,NA
Berkowitz290,DJB,III,69,1,d,NA
Berkowitz291,DJB,III,69,1,E,NA
Berkowitz292,DJB,III,70,1,G,NA
Berkowitz293,DJB,III,70,1,C,NA
Berkowitz294,DJB,III,70,1,G,NA
Berkowitz295,DJB,III,71,1,F,NA
Berkowitz296,DJB,III,71,1,b,NA
Berkowitz297,DJB,III,71,1,F,NA
Berkowitz298,DJB,III,71,1,E-,NA
Berkowitz299,DJB,III,72,1,E-,NA
Berkowitz300,DJB,III,72,1,F,NA
Berkowitz301,DJB,III,72,1,b-,NA
Berkowitz302,DJB,III,72,1,e,NA
Berkowitz303,DJB,III,73,1,d,NA
Berkowitz304,DJB,III,73,1,E-,NA
Berkowitz305,DJB,III,73,1,D,NA
Berkowitz306,DJB,III,74,1,D,NA
Berkowitz307,DJB,III,74,1,g,NA
Berkowitz308,DJB,III,74,1,E,NA
Berkowitz309,DJB,III,75,1,a,NA
Berkowitz310,DJB,III,75,1,D,NA
Berkowitz311,DJB,III,75,1,d,NA
Berkowitz312,DJB,III,75,1,D,NA
Berkowitz313,DJB,III,75,1,F,NA
Berkowitz314,DJB,III,76,1,B-,NA
Berkowitz315,DJB,III,76,1,e,NA
Berkowitz316,DJB,III,76,1,c#,NA
Berkowitz317,DJB,III,77,1,g,NA
Berkowitz318,DJB,III,77,1,D,NA
Berkowitz319,DJB,III,77,1,C,Lydian
Berkowitz320,DJB,III,77,1,A,Ionian
Berkowitz321,DJB,III,78,1,f#,NA
Berkowitz322,DJB,III,78,1,F,NA
Berkowitz323,DJB,III,78,1,C,NA
Berkowitz324,DJB,III,78,1,f#,NA
Berkowitz325,DJB,III,79,1,E,NA
Berkowitz326,DJB,III,79,1,c,NA
Berkowitz327,DJB,III,79,1,b,NA
Berkowitz328,DJB,III,80,1,D,NA
Berkowitz329,DJB,III,80,1,F,NA
Berkowitz330,DJB,III,80,1,b,NA
Berkowitz331,DJB,III,80,1,B,NA
Berkowitz332,DJB,III,81,1,d,NA
Berkowitz333,DJB,III,81,1,A-,NA
Berkowitz334,DJB,III,81,1,d,NA
Berkowitz335,DJB,III,82,1,F,NA
Berkowitz336,DJB,III,82,1,F#,NA
Berkowitz337,DJB,III,82,1,D,NA
Berkowitz338,DJB,III,82,1,B,NA
Berkowitz339,DJB,III,83,1,F,NA
Berkowitz340,DJB,III,83,1,F,NA
Berkowitz341,DJB,III,83,1,F,NA
Berkowitz342,DJB,III,83,1,f,NA
Berkowitz343,DJB,III,84,1,G,NA
Berkowitz344,DJB,III,84,1,B-,NA
Berkowitz345,DJB,III,84,1,E-,NA
Berkowitz346,DJB,III,84,1,e,NA
Berkowitz347,DJB,III,84,1,E-,NA
Berkowitz348,DJB,III,85,1,C,NA
Berkowitz349,DJB,III,85,1,F,NA
Berkowitz350,DJB,III,85,1,B-,NA
Berkowitz351,DJB,III,86,1,F,NA
Berkowitz352,DJB,III,86,1,F,NA
Berkowitz353,DJB,III,86,1,A,NA
Berkowitz354,DJB,III,86,1,e,NA
Berkowitz355,DJB,III,87,1,E-,NA
Berkowitz356,DJB,III,87,1,D,NA
Berkowitz357,DJB,III,87,1,D,NA
Berkowitz358,DJB,III,87,1,d,NA
Berkowitz359,DJB,III,88,1,A-,NA
Berkowitz360,DJB,III,88,1,F,NA
Berkowitz361,DJB,III,88,1,a,NA
Berkowitz362,DJB,III,89,1,D,NA
Berkowitz363,DJB,III,89,1,D,NA
Berkowitz364,DJB,III,89,1,e,NA
Berkowitz365,DJB,III,90,1,E-,NA
Berkowitz366,DJB,III,90,1,D,NA
Berkowitz367,DJB,III,90,1,D,NA
Berkowitz368,DJB,III,90,1,B,NA
Berkowitz369,DJB,III,91,1,a,NA
Berkowitz370,DJB,III,91,1,G-,NA
Berkowitz371,DJB,III,91,1,E-,NA
Berkowitz372,DJB,III,91,1,f#,NA
Berkowitz373,DJB,III,92,1,A-,NA
Berkowitz374,DJB,III,82,1,D,NA
Berkowitz375,DJB,III,82,1,G,NA
Berkowitz376,DJB,III,82,1,G,NA
Berkowitz377,DJB,III,93,1,G,NA
Berkowitz378,DJB,III,93,1,B-,NA
Berkowitz379,DJB,III,93,1,D,NA
Berkowitz380,DJB,III,93,1,F,NA
Berkowitz381,DJB,III,94,1,b,NA
Berkowitz382,DJB,III,94,1,B,NA
Berkowitz383,DJB,III,94,1,e,NA
Berkowitz384,DJB,III,94,1,F,NA
Berkowitz385,DJB,III,95,1,f,NA
Berkowitz386,DJB,III,95,1,e,NA
Berkowitz387,DJB,III,95,1,G,NA
Berkowitz388,DJB,III,95,1,B-,NA
Berkowitz389,DJB,III,96,1,f#,NA
Berkowitz390,DJB,III,96,1,B-,NA
Berkowitz391,DJB,III,96,1,e,NA
Berkowitz392,DJB,III,97,1,G,NA
Berkowitz393,DJB,III,97,1,D,NA
Berkowitz394,DJB,III,97,1,c,NA
Berkowitz395,DJB,III,97,1,D,NA
Berkowitz396,DJB,III,98,1,E-,NA
Berkowitz397,DJB,III,98,1,E,NA
Berkowitz398,DJB,III,98,1,A-,NA
Berkowitz399,DJB,III,98,1,f,NA
Berkowitz400,DJB,III,99,1,G,NA
Berkowitz401,DJB,III,99,1,g,NA
Berkowitz402,DJB,III,99,1,b,NA
Berkowitz403,DJB,III,100,1,B,NA
Berkowitz404,DJB,III,100,1,G,NA
Berkowitz405,DJB,III,100,1,D,NA
Berkowitz406,DJB,III,101,1,F,NA
Berkowitz407,DJB,III,101,1,f#,NA
Berkowitz408,DJB,III,101,1,C,NA
Berkowitz409,DJB,III,102,1,c,NA
Berkowitz410,DJB,III,102,1,F,NA
Berkowitz411,DJB,III,102,1,e,NA
Berkowitz412,DJB,III,102,1,c#,NA
Berkowitz413,DJB,IV,103,1,C,NA
Berkowitz414,DJB,IV,103,1,G,NA
Berkowitz415,DJB,IV,103,1,f,NA
Berkowitz416,DJB,IV,103,1,a,NA
Berkowitz417,DJB,IV,104,1,F,NA
Berkowitz418,DJB,IV,104,1,C,NA
Berkowitz419,DJB,IV,104,1,E-,NA
Berkowitz420,DJB,IV,104,1,B-,NA
Berkowitz421,DJB,IV,105,1,f#,NA
Berkowitz422,DJB,IV,105,1,E-,NA
Berkowitz423,DJB,IV,105,1,E-,NA
Berkowitz424,DJB,IV,105,1,b-,NA
Berkowitz425,DJB,IV,106,1,B-,NA
Berkowitz426,DJB,IV,106,1,C,NA
Berkowitz427,DJB,IV,106,1,D,NA
Berkowitz428,DJB,IV,106,1,A-,NA
Berkowitz429,DJB,IV,107,1,D-,NA
Berkowitz430,DJB,IV,107,1,D,NA
Berkowitz431,DJB,IV,107,1,c,NA
Berkowitz432,DJB,IV,107,1,D,NA
Berkowitz433,DJB,IV,108,1,f#,NA
Berkowitz434,DJB,IV,108,1,f#,NA
Berkowitz435,DJB,IV,108,1,c#,NA
Berkowitz436,DJB,IV,109,1,d,NA
Berkowitz437,DJB,IV,109,1,e,NA
Berkowitz438,DJB,IV,109,1,b,NA
Berkowitz439,DJB,IV,109,1,g,NA
Berkowitz440,DJB,IV,109,1,E,NA
Berkowitz441,DJB,IV,110,1,D,NA
Berkowitz442,DJB,IV,110,1,e,NA
Berkowitz443,DJB,IV,110,1,d,NA
Berkowitz444,DJB,IV,110,1,d,NA
Berkowitz445,DJB,IV,110,1,g,NA
Berkowitz446,DJB,IV,111,1,E,NA
Berkowitz447,DJB,IV,111,1,D,NA
Berkowitz448,DJB,IV,111,1,c,NA
Berkowitz449,DJB,IV,112,1,c#,NA
Berkowitz450,DJB,IV,112,1,e,NA
Berkowitz451,DJB,IV,112,1,E-,NA
Berkowitz452,DJB,IV,113,1,B-,NA
Berkowitz453,DJB,IV,113,1,c#,NA
Berkowitz454,DJB,IV,113,1,G,NA
Berkowitz455,DJB,IV,113,1,C,NA
Berkowitz456,DJB,IV,114,1,f,NA
Berkowitz457,DJB,IV,114,1,F,NA
Berkowitz458,DJB,IV,114,1,E,NA
Berkowitz459,DJB,IV,114,1,b-,NA
Berkowitz460,DJB,IV,114,1,b,NA
Berkowitz461,DJB,IV,115,1,A-,NA
Berkowitz462,DJB,IV,115,1,E,NA
Berkowitz463,DJB,IV,115,1,c#,NA
Berkowitz464,DJB,IV,115,1,F,NA
Berkowitz465,DJB,IV,116,1,E-,NA
Berkowitz466,DJB,IV,116,1,A-,NA
Berkowitz467,DJB,IV,116,1,d,NA
Berkowitz468,DJB,IV,116,1,f,NA
Berkowitz469,DJB,IV,116,1,D,NA
Berkowitz470,DJB,IV,117,1,d,NA
Berkowitz471,DJB,IV,117,1,f,NA
Berkowitz472,DJB,IV,117,1,F,NA
Berkowitz473,DJB,IV,118,1,c,NA
Berkowitz474,DJB,IV,118,1,c,NA
Berkowitz475,DJB,IV,118,1,G,NA
Berkowitz476,DJB,IV,118,1,B-,NA
Berkowitz477,DJB,IV,119,1,B-,NA
Berkowitz478,DJB,IV,119,1,e,NA
Berkowitz479,DJB,IV,119,1,G,NA
Berkowitz480,DJB,IV,119,1,E-,NA
Berkowitz481,DJB,IV,120,1,E-,NA
Berkowitz482,DJB,IV,120,1,b,NA
Berkowitz483,DJB,IV,120,1,e,NA
Berkowitz484,DJB,IV,120,1,c#,NA
Berkowitz485,DJB,IV,121,1,E,NA
Berkowitz486,DJB,IV,121,1,F,NA
Berkowitz487,DJB,IV,121,1,E,NA
Berkowitz488,DJB,IV,121,1,E-,NA
Berkowitz489,DJB,IV,122,1,b,Modal
Berkowitz490,DJB,IV,122,1,e,NA
Berkowitz491,DJB,IV,122,1,G,NA
Berkowitz492,DJB,IV,122,1,d,NA
Berkowitz493,DJB,IV,123,1,b,NA
Berkowitz494,DJB,IV,123,1,g,NA
Berkowitz495,DJB,IV,123,1,B-,NA
Berkowitz496,DJB,IV,123,1,g,NA
Berkowitz497,DJB,IV,124,1,f#,NA
Berkowitz498,DJB,IV,124,1,E-,NA
Berkowitz499,DJB,IV,124,1,D,NA
Berkowitz500,DJB,IV,125,1,D,NA
Berkowitz501,DJB,IV,125,1,G,NA
Berkowitz502,DJB,IV,125,1,B-,NA
Berkowitz503,DJB,IV,125,1,b-,NA
Berkowitz504,DJB,IV,126,1,c,NA
Berkowitz505,DJB,IV,126,1,a,NA
Berkowitz506,DJB,IV,127,1,a,NA
Berkowitz507,DJB,IV,127,1,c,NA
Berkowitz508,DJB,IV,127,1,B,NA
Berkowitz509,DJB,IV,128,1,f,NA
Berkowitz510,DJB,IV,128,1,A-,NA
Berkowitz511,DJB,IV,128,1,F,NA
Berkowitz512,DJB,IV,128,1,A-,NA
Berkowitz513,DJB,IV,129,1,D,NA
Berkowitz514,DJB,IV,129,1,F,NA
Berkowitz515,DJB,IV,129,1,F,NA
Berkowitz516,DJB,IV,129,1,G,NA
Berkowitz517,DJB,IV,129,1,F,NA
Berkowitz518,DJB,IV,130,1,F,NA
Berkowitz519,DJB,IV,130,1,F,NA
Berkowitz520,DJB,IV,130,1,D-,NA
Berkowitz521,DJB,IV,130,1,E,NA
Berkowitz522,DJB,IV,131,1,C,NA
Berkowitz523,DJB,IV,131,1,E-,NA
Berkowitz524,DJB,IV,131,1,C,NA
Berkowitz525,DJB,IV,131,1,b,NA
Berkowitz526,DJB,IV,132,1,B-,NA
Berkowitz527,DJB,IV,132,1,E-,NA
Berkowitz528,DJB,IV,132,1,f,NA
Berkowitz529,DJB,IV,132,1,B,NA
Berkowitz530,DJB,IV,133,1,F,NA
Berkowitz531,DJB,IV,133,1,D,NA
Berkowitz532,DJB,IV,133,1,C,NA
Berkowitz533,DJB,IV,133,1,C,NA
Berkowitz534,DJB,IV,134,1,e,Modal
Berkowitz535,DJB,IV,134,1,C,Modal
Berkowitz536,DJB,IV,134,1,C,Modal
Berkowitz537,DJB,IV,134,1,B-,Modal
Berkowitz538,DJB,IV,134,1,d,Modal
Berkowitz539,DJB,IV,135,1,G,Modal
Berkowitz540,DJB,IV,135,1,C,Overtone
Berkowitz541,DJB,V,137,1,C,Chromatic
Berkowitz542,DJB,V,137,1,C,Chromatic
Berkowitz543,DJB,V,137,1,C,Whole Tone
Berkowitz544,DJB,V,137,1,C,Whole Tone
Berkowitz545,DJB,V,137,1,C,Atonal
Berkowitz546,DJB,V,138,1,C,Atonal
Berkowitz547,DJB,V,138,1,C,Atonal
Berkowitz548,DJB,V,138,1,C,Atonal
Berkowitz549,DJB,V,139,1,C,Octatonic
Berkowitz550,DJB,V,139,1,C,Octatonic
Berkowitz551,DJB,V,139,1,C,Octatonic
Berkowitz552,DJB,V,139,1,C,Octatonic
Berkowitz553,DJB,V,140,1,C,Octatonic
Berkowitz554,DJB,V,140,1,C,Atonal
Berkowitz555,DJB,V,140,1,C,Atonal
Berkowitz556,DJB,V,141,1,C,Atonal
Berkowitz557,DJB,V,141,1,C,Atonal
Berkowitz558,DJB,V,141,1,C,Atonal
Berkowitz559,DJB,V,141,1,C,Atonal
Berkowitz560,DJB,V,142,1,C,Atonal
Berkowitz561,DJB,V,142,1,C,Atonal
Berkowitz562,DJB,V,142,1,C,Atonal
Berkowitz563,DJB,V,142,1,C,Atonal
Berkowitz564,DJB,V,143,1,C,Atonal
Berkowitz565,DJB,V,143,1,C,Atonal
Berkowitz566,DJB,V,143,1,C,Atonal
Berkowitz567,DJB,V,143,1,C,Atonal
Berkowitz568,DJB,V,144,1,C,Atonal
Berkowitz569,DJB,V,144,1,C,Atonal
Berkowitz570,DJB,V,144,1,C,Atonal
Berkowitz571,CD,V,144,1,C,Atonal
Berkowitz572,CD,V,155,1,C,Atonal
Berkowitz573,CD,V,155,1,C,Atonal
Berkowitz574,CD,V,155,1,C,Atonal
Berkowitz575,CD,V,155,1,C,Atonal
Berkowitz576,CD,V,156,1,C,Atonal
Berkowitz577,CD,V,156,1,C,Atonal
Berkowitz578,CD,V,156,1,C,Atonal
Berkowitz579,CD,V,156,1,C,Atonal
Berkowitz580,CD,V,147,1,C,Atonal
Berkowitz581,CD,V,147,1,C,Atonal
Berkowitz582,CD,V,147,1,C,Atonal
Berkowitz583,AR,V,147,1,C,Atonal
Berkowitz584,AR,V,147,1,C,Atonal
Berkowitz585,AR,V,147,1,C,Atonal
Berkowitz586,AR,V,147,1,C,Atonal
Berkowitz587,AR,V,147,1,C,Atonal
Berkowitz588,AR,V,149,1,C,Atonal
Berkowitz589,AR,V,149,1,C,Atonal
Berkowitz590,AR,V,149,1,C,Atonal
Berkowitz591,AR,V,149,1,C,Atonal
Berkowitz592,AR,V,150,1,C,Atonal
Berkowitz593,AR,V,150,1,C,Atonal
Berkowitz594,AR,V,150,1,C,Atonal
Berkowitz595,AR,V,151,1,C,Atonal
Berkowitz596,AR,V,151,1,C,Atonal
Berkowitz597,AR,V,151,1,C,Atonal
Berkowitz598,AR,V,152,1,C,Atonal
Berkowitz599,AR,V,152,1,C,Atonal
Berkowitz600,AR,V,152,1,C,Atonal
Berkowitz601,AR,V,153,1,C,Atonal
Berkowitz602,AR,V,153,1,C,Atonal
Berkowitz603,AR,V,153,1,C,Atonal
Berkowitz604,AR,V,154,1,C,Atonal
Berkowitz605,AR,V,154,1,C,Atonal
Berkowitz606,AR,V,154,1,C,Atonal
Berkowitz607,AR,V,155,1,C,Atonal
Berkowitz608,AR,V,155,1,C,Atonal
Berkowitz609,AR,V,155,1,C,Atonal
Berkowitz610,AR,V,155,1,C,Atonal
Berkowitz611,AR,V,156,1,C,Atonal
Berkowitz612,AR,V,156,1,C,Atonal
Berkowitz613,AR,V,156,1,C,Atonal
Berkowitz614,AR,V,156,1,C,Atonal
Berkowitz615,AR,V,157,1,C,Atonal
Berkowitz616,AR,V,157,1,C,Atonal
Berkowitz617,AR,V,157,1,C,Atonal
Berkowitz618,AR,V,157,1,C,Atonal
Berkowitz619,AR,V,158,1,C,Atonal
Berkowitz620,AR,V,158,1,C,Atonal
Berkowitz621,AR,V,158,1,C,Atonal
Berkowitz622,AR,V,158,1,C,Atonal
Berkowitz623,AR,V,159,1,C,Atonal
Berkowitz624,AR,V,159,1,C,Atonal
Berkowitz625,AR,V,159,1,C,Atonal
Berkowitz626,AR,V,159,1,C,Atonal
Berkowitz627,AR,V,160,1,C,Atonal
Berkowitz628,AR,V,160,1,C,Atonal
Berkowitz629,AR,V,160,1,C,NA
