Filename,!!!Encoder,!!!Section,!!!Page,!!!Chapter,Key
Berkowitz1,DJB,I,5,1,C
Berkowitz2,DJB,I,5,1,F
Berkowitz3,DJB,I,5,1,F
Berkowitz4,DJB,I,6,1,F
Berkowitz5,DJB,I,6,1,G
Berkowitz6,DJB,I,6,1,D
Berkowitz7,DJB,I,6,1,D
Berkowitz8,DJB,I,6,1,G
Berkowitz9,DJB,I,6,1,B-
Berkowitz10,DJB,I,7,1,B-
Berkowitz11,DJB,I,7,1,C
Berkowitz12,DJB,I,7,1,D
Berkowitz13,DJB,I,7,1,B-
Berkowitz14,DJB,I,7,1,E-
Berkowitz15,DJB,I,7,1,D
Berkowitz16,DJB,I,8,1,D
Berkowitz17,DJB,I,8,1,B-
Berkowitz18,DJB,I,8,1,F
Berkowitz19,DJB,I,8,1,F
Berkowitz20,DJB,I,8,1,A
Berkowitz21,DJB,I,8,1,A
Berkowitz22,DJB,I,9,1,A
Berkowitz23,DJB,I,9,1,G
Berkowitz24,DJB,I,9,1,E-
Berkowitz25,DJB,I,9,1,E-
Berkowitz26,DJB,I,9,1,G
Berkowitz27,DJB,I,9,1,D
Berkowitz28,DJB,I,9,1,B-
Berkowitz29,DJB,I,10,1,E-
Berkowitz30,DJB,I,10,1,F
Berkowitz31,DJB,I,10,1,A-
Berkowitz32,DJB,I,10,1,B-
Berkowitz33,DJB,I,10,1,F
Berkowitz34,DJB,I,10,1,A-
Berkowitz35,DJB,I,11,1,G
Berkowitz36,DJB,I,11,1,g
Berkowitz37,DJB,I,11,1,g
Berkowitz38,DJB,I,12,1,E-
Berkowitz39,DJB,I,12,1,c
Berkowitz40,DJB,I,12,1,g
Berkowitz41,DJB,I,12,1,E-
Berkowitz42,DJB,I,12,1,d
Berkowitz43,DJB,I,13,1,d
Berkowitz44,DJB,I,13,1,f
Berkowitz45,DJB,I,13,1,A-
Berkowitz46,DJB,I,13,1,A-
Berkowitz47,DJB,I,14,1,C
Berkowitz48,DJB,I,15,1,B-
Berkowitz49,DJB,I,15,1,B-
Berkowitz50,DJB,I,15,1,E
Berkowitz51,DJB,I,15,1,E
Berkowitz52,DJB,I,15,1,E
Berkowitz53,DJB,I,16,1,A-
Berkowitz54,DJB,I,16,1,A-
Berkowitz55,DJB,I,16,1,A
Berkowitz56,DJB,I,16,1,D
Berkowitz57,DJB,I,16,1,G
Berkowitz58,DJB,I,16,1,C
Berkowitz59,DJB,I,17,1,C
Berkowitz60,DJB,I,17,1,C
Berkowitz61,DJB,I,17,1,D
Berkowitz62,DJB,I,17,1,E-
Berkowitz63,DJB,I,17,1,e
Berkowitz64,DJB,I,18,1,f#
Berkowitz65,DJB,I,18,1,f#
Berkowitz66,DJB,I,18,1,f
Berkowitz67,DJB,I,18,1,f
Berkowitz68,DJB,I,18,1,E-
Berkowitz69,DJB,I,19,1,A
Berkowitz70,DJB,I,19,1,d
Berkowitz71,DJB,I,19,1,C
Berkowitz72,DJB,I,19,1,E
Berkowitz73,DJB,I,19,1,C
Berkowitz74,DJB,I,20,1,D
Berkowitz75,DJB,I,20,1,d
Berkowitz76,DJB,I,20,1,D
Berkowitz77,DJB,I,20,1,d
Berkowitz78,DJB,I,20,1,D
Berkowitz79,DJB,I,20,1,d
Berkowitz80,DJB,I,21,1,C
Berkowitz81,DJB,I,21,1,B-
Berkowitz82,DJB,I,21,1,E-
Berkowitz83,DJB,I,21,1,A
Berkowitz84,DJB,I,21,1,E
Berkowitz85,DJB,I,22,1,e
Berkowitz86,DJB,I,22,1,d
Berkowitz87,DJB,I,22,1,A-
Berkowitz88,DJB,I,22,1,e
Berkowitz89,DJB,I,22,1,B-
Berkowitz90,DJB,I,23,1,B-
Berkowitz91,DJB,I,23,1,B-
Berkowitz92,DJB,I,23,1,E
Berkowitz93,DJB,I,23,1,e
Berkowitz94,DJB,I,23,1,C
Berkowitz95,DJB,I,24,1,G
Berkowitz96,DJB,I,24,1,c
Berkowitz97,DJB,I,24,1,c#
Berkowitz98,DJB,I,24,1,A
Berkowitz99,DJB,I,25,1,e
Berkowitz100,DJB,I,25,1,C
Berkowitz101,DJB,I,25,1,E-
Berkowitz102,DJB,I,25,1,f#
Berkowitz103,DJB,I,26,1,g
Berkowitz104,DJB,I,26,1,c
Berkowitz105,DJB,I,26,1,d
Berkowitz106,DJB,I,26,1,E-
Berkowitz107,DJB,I,26,1,D
Berkowitz108,DJB,I,26,1,d
Berkowitz109,DJB,I,27,1,D
Berkowitz110,DJB,I,27,1,d
Berkowitz111,DJB,I,27,1,d
Berkowitz112,DJB,I,27,1,D
Berkowitz113,DJB,I,27,1,d
Berkowitz114,DJB,I,28,1,D
Berkowitz115,DJB,I,28,1,E-
Berkowitz116,DJB,I,28,1,B
Berkowitz117,DJB,I,28,1,A-
Berkowitz118,DJB,I,28,1,D
Berkowitz119,DJB,I,28,1,D
Berkowitz120,DJB,I,28,1,E-
Berkowitz121,DJB,I,29,1,D
Berkowitz122,DJB,I,29,1,g
Berkowitz123,DJB,I,29,1,F
Berkowitz124,DJB,I,29,1,c#
Berkowitz125,DJB,I,29,1,g
Berkowitz126,DJB,I,29,1,A-
Berkowitz127,DJB,I,30,1,e
Berkowitz128,DJB,I,30,1,F
Berkowitz129,DJB,I,30,1,f
Berkowitz130,DJB,I,30,1,f
Berkowitz131,DJB,I,30,1,F
Berkowitz132,DJB,I,30,1,D
Berkowitz133,DJB,I,30,1,d
Berkowitz134,DJB,I,30,1,A
Berkowitz135,DJB,I,31,1,a
Berkowitz136,DJB,I,31,1,B
Berkowitz137,DJB,I,31,1,E
Berkowitz138,DJB,I,31,1,d
Berkowitz139,DJB,I,32,1,d
Berkowitz140,DJB,I,32,1,D-
Berkowitz141,DJB,I,32,1,D
Berkowitz142,DJB,I,32,1,g
Berkowitz143,DJB,I,32,1,G
Berkowitz144,DJB,I,32,1,E
Berkowitz145,DJB,I,33,1,E-
Berkowitz146,DJB,I,33,1,G
Berkowitz147,DJB,I,33,1,C
Berkowitz148,DJB,I,33,1,b
Berkowitz149,DJB,I,33,1,C
Berkowitz150,DJB,I,34,1,c
Berkowitz151,DJB,I,34,1,C
Berkowitz152,DJB,I,34,1,c
Berkowitz153,DJB,I,34,1,f
Berkowitz154,DJB,I,34,1,F
Berkowitz155,DJB,I,35,1,d
Berkowitz156,DJB,I,35,1,f#
Berkowitz157,DJB,I,35,1,B-
Berkowitz158,DJB,I,35,1,A-
Berkowitz159,DJB,I,36,1,F
Berkowitz160,DJB,I,36,1,f
Berkowitz161,DJB,I,36,1,e
Berkowitz162,DJB,I,36,1,b
Berkowitz163,DJB,I,36,1,f#
Berkowitz164,DJB,I,36,1,G
Berkowitz165,DJB,I,37,1,a
Berkowitz166,DJB,I,37,1,A
Berkowitz167,DJB,I,37,1,G
Berkowitz168,DJB,I,38,1,g
Berkowitz169,DJB,I,38,1,D
Berkowitz170,DJB,I,38,1,d
Berkowitz171,DJB,I,39,1,f
Berkowitz172,DJB,I,39,1,C
Berkowitz173,DJB,I,39,1,C
Berkowitz174,DJB,I,40,1,c
Berkowitz175,DJB,I,40,1,c
Berkowitz176,DJB,I,40,1,C
Berkowitz177,DJB,I,40,1,E
Berkowitz178,DJB,I,40,1,e
Berkowitz179,DJB,I,41,1,B-
Berkowitz180,DJB,I,41,1,f
Berkowitz181,DJB,II,43,1,D
Berkowitz182,DJB,II,43,1,E-
Berkowitz183,DJB,II,43,1,G
Berkowitz184,DJB,II,44,1,g
Berkowitz185,DJB,II,44,1,E-
Berkowitz186,DJB,II,44,1,D
Berkowitz187,DJB,II,44,1,A-
Berkowitz188,DJB,II,45,1,A-
Berkowitz189,DJB,II,45,1,A-
Berkowitz190,DJB,II,45,1,E-
Berkowitz191,DJB,II,45,1,b
Berkowitz192,DJB,II,45,1,d
Berkowitz193,DJB,II,45,1,E-
Berkowitz194,DJB,II,46,1,E
Berkowitz195,DJB,II,46,1,E-
Berkowitz196,DJB,II,46,1,E-
Berkowitz197,DJB,II,46,1,g
Berkowitz198,DJB,II,46,1,f
Berkowitz199,DJB,II,46,1,A-
Berkowitz200,DJB,II,46,1,b-
Berkowitz201,DJB,II,46,1,A
Berkowitz202,DJB,II,46,1,F
Berkowitz203,DJB,II,46,1,G
Berkowitz204,DJB,II,46,1,D
Berkowitz205,DJB,II,46,1,E
Berkowitz206,DJB,II,46,1,d
Berkowitz207,DJB,II,46,1,E-
Berkowitz208,DJB,II,46,1,E
Berkowitz209,DJB,II,46,1,f#
Berkowitz210,DJB,II,46,1,D
Berkowitz211,DJB,II,49,1,E-
Berkowitz212,DJB,II,49,1,d
Berkowitz213,DJB,II,50,1,c#
Berkowitz214,DJB,II,50,1,D
Berkowitz215,DJB,II,50,1,c
Berkowitz216,DJB,II,50,1,B-
Berkowitz217,DJB,II,50,1,F
Berkowitz218,DJB,II,50,1,D
Berkowitz219,DJB,II,51,1,A
Berkowitz220,DJB,II,51,1,b
Berkowitz221,DJB,II,51,1,D-
Berkowitz222,DJB,II,51,1,E-
Berkowitz223,DJB,II,51,1,E
Berkowitz224,DJB,II,52,1,G
Berkowitz225,DJB,II,52,1,F
Berkowitz226,DJB,II,52,1,A
Berkowitz227,DJB,II,52,1,f
Berkowitz228,DJB,II,52,1,e
Berkowitz229,DJB,II,53,1,C
Berkowitz230,DJB,II,53,1,b-
Berkowitz231,DJB,II,53,1,E
Berkowitz232,DJB,II,53,1,d
Berkowitz233,DJB,II,53,1,A-
Berkowitz234,DJB,II,54,1,B-
Berkowitz235,DJB,II,54,1,C
Berkowitz236,DJB,II,54,1,d
Berkowitz237,DJB,II,54,1,e
Berkowitz238,DJB,II,55,1,d
Berkowitz239,DJB,II,55,1,f
Berkowitz240,DJB,II,55,1,g
Berkowitz241,DJB,II,55,1,g
Berkowitz242,DJB,II,56,1,d
Berkowitz243,DJB,II,56,1,D
Berkowitz244,DJB,II,56,1,f#
Berkowitz245,DJB,II,56,1,D-
Berkowitz246,DJB,II,57,1,E-
Berkowitz247,DJB,II,57,1,A-
Berkowitz248,DJB,II,57,1,c
Berkowitz249,DJB,II,57,1,G
Berkowitz250,DJB,II,58,1,b
Berkowitz251,DJB,II,58,1,F
Berkowitz252,DJB,II,58,1,D
Berkowitz253,DJB,II,58,1,D-
Berkowitz254,DJB,II,59,1,B-
Berkowitz255,DJB,II,59,1,F
Berkowitz256,DJB,II,59,1,A-
Berkowitz257,DJB,II,60,1,E-
Berkowitz258,DJB,II,60,1,g
Berkowitz259,DJB,II,60,1,G
Berkowitz260,DJB,II,60,1,f#
Berkowitz261,DJB,II,61,1,c#
Berkowitz262,DJB,II,61,1,B-
Berkowitz263,DJB,II,61,1,A-
Berkowitz264,DJB,II,62,1,e
Berkowitz265,DJB,II,62,1,A
Berkowitz266,DJB,II,62,1,B-
Berkowitz267,DJB,II,62,1,c
Berkowitz268,DJB,II,63,1,A
Berkowitz269,DJB,II,63,1,f
Berkowitz270,DJB,II,63,1,g
Berkowitz271,DJB,II,64,1,D
Berkowitz272,DJB,II,64,1,f
Berkowitz273,DJB,II,65,1,G
Berkowitz274,DJB,II,65,1,A
Berkowitz275,DJB,II,65,1,e
Berkowitz276,DJB,II,66,1,d
Berkowitz277,DJB,II,66,1,g
Berkowitz278,DJB,II,66,1,g
Berkowitz279,DJB,II,66,1,g
Berkowitz280,DJB,II,67,1,e
Berkowitz281,DJB,II,67,1,B-
Berkowitz282,DJB,II,67,1,G
Berkowitz283,DJB,II,67,1,G
Berkowitz284,DJB,II,68,1,D
Berkowitz285,DJB,II,68,1,a
Berkowitz286,DJB,II,68,1,a
Berkowitz287,DJB,II,68,1,d
Berkowitz288,DJB,III,69,1,d
Berkowitz289,DJB,III,69,1,D
Berkowitz290,DJB,III,69,1,d
Berkowitz291,DJB,III,69,1,E
Berkowitz292,DJB,III,70,1,G
Berkowitz293,DJB,III,70,1,C
Berkowitz294,DJB,III,70,1,G
Berkowitz295,DJB,III,71,1,F
Berkowitz296,DJB,III,71,1,b
Berkowitz297,DJB,III,71,1,F
Berkowitz298,DJB,III,71,1,E-
Berkowitz299,DJB,III,72,1,E-
Berkowitz300,DJB,III,72,1,F
Berkowitz301,DJB,III,72,1,b-
Berkowitz302,DJB,III,72,1,e
Berkowitz303,DJB,III,73,1,d
Berkowitz304,DJB,III,73,1,E-
Berkowitz305,DJB,III,73,1,D
Berkowitz306,DJB,III,74,1,D
Berkowitz307,DJB,III,74,1,g
Berkowitz308,DJB,III,74,1,E
Berkowitz309,DJB,III,75,1,a
Berkowitz310,DJB,III,75,1,D
Berkowitz311,DJB,III,75,1,d
Berkowitz312,DJB,III,75,1,D
Berkowitz313,DJB,III,75,1,F
Berkowitz314,DJB,III,76,1,B-
Berkowitz315,DJB,III,76,1,e
Berkowitz316,DJB,III,76,1,c#
Berkowitz317,DJB,III,77,1,g
Berkowitz318,DJB,III,77,1,D
Berkowitz319,DJB,III,77,1,C
Berkowitz320,DJB,III,77,1,A
Berkowitz321,DJB,III,78,1,f#
Berkowitz322,DJB,III,78,1,F
Berkowitz323,DJB,III,78,1,C
Berkowitz324,DJB,III,78,1,f#
Berkowitz325,DJB,III,79,1,E
Berkowitz326,DJB,III,79,1,c
Berkowitz327,DJB,III,79,1,b
Berkowitz328,DJB,III,80,1,D
Berkowitz329,DJB,III,80,1,F
Berkowitz330,DJB,III,80,1,b
Berkowitz331,DJB,III,80,1,B
Berkowitz332,DJB,III,81,1,d
Berkowitz333,DJB,III,81,1,A-
Berkowitz334,DJB,III,81,1,d
Berkowitz335,DJB,III,82,1,F
Berkowitz336,DJB,III,82,1,F#
Berkowitz337,DJB,III,82,1,D
Berkowitz338,DJB,III,82,1,B
Berkowitz339,DJB,III,83,1,F
Berkowitz340,DJB,III,83,1,F
Berkowitz341,DJB,III,83,1,F
Berkowitz342,DJB,III,83,1,f
Berkowitz343,DJB,III,84,1,G
Berkowitz344,DJB,III,84,1,B-
Berkowitz345,DJB,III,84,1,E-
Berkowitz346,DJB,III,84,1,e
Berkowitz347,DJB,III,84,1,E-
Berkowitz348,DJB,III,85,1,C
Berkowitz349,DJB,III,85,1,F
Berkowitz350,DJB,III,85,1,B-
Berkowitz351,DJB,III,86,1,F
Berkowitz352,DJB,III,86,1,F
Berkowitz353,DJB,III,86,1,A
Berkowitz354,DJB,III,86,1,e
Berkowitz355,DJB,III,87,1,E-
Berkowitz356,DJB,III,87,1,D
Berkowitz357,DJB,III,87,1,D
Berkowitz358,DJB,III,87,1,d
Berkowitz359,DJB,III,88,1,A-
Berkowitz360,DJB,III,88,1,F
Berkowitz361,DJB,III,88,1,a
Berkowitz362,DJB,III,89,1,D
Berkowitz363,DJB,III,89,1,D
Berkowitz364,DJB,III,89,1,e
Berkowitz365,DJB,III,90,1,E-
Berkowitz366,DJB,III,90,1,D
Berkowitz367,DJB,III,90,1,D
Berkowitz368,DJB,III,90,1,B
Berkowitz369,DJB,III,91,1,a
Berkowitz370,DJB,III,91,1,G-
Berkowitz371,DJB,III,91,1,E-
Berkowitz372,DJB,III,91,1,f#
Berkowitz373,DJB,III,92,1,A-
Berkowitz374,DJB,III,82,1,D
Berkowitz375,DJB,III,82,1,G
Berkowitz376,DJB,III,82,1,G
Berkowitz377,DJB,III,93,1,G
Berkowitz378,DJB,III,93,1,B-
Berkowitz379,DJB,III,93,1,D
Berkowitz380,DJB,III,93,1,F
Berkowitz381,DJB,III,94,1,b
Berkowitz382,DJB,III,94,1,B
Berkowitz383,DJB,III,94,1,e
Berkowitz384,DJB,III,94,1,F
Berkowitz385,DJB,III,95,1,f
Berkowitz386,DJB,III,95,1,e
Berkowitz387,DJB,III,95,1,G
Berkowitz388,DJB,III,95,1,B-
Berkowitz389,DJB,III,96,1,f#
Berkowitz390,DJB,III,96,1,B-
Berkowitz391,DJB,III,96,1,e
Berkowitz392,DJB,III,97,1,G
Berkowitz393,DJB,III,97,1,D
Berkowitz394,DJB,III,97,1,c
Berkowitz395,DJB,III,97,1,D
Berkowitz396,DJB,III,98,1,E-
Berkowitz397,DJB,III,98,1,E
Berkowitz398,DJB,III,98,1,A-
Berkowitz399,DJB,III,98,1,f
Berkowitz400,DJB,III,99,1,G
Berkowitz401,DJB,III,99,1,g
Berkowitz402,DJB,III,99,1,b
Berkowitz403,DJB,III,100,1,B
Berkowitz404,DJB,III,100,1,G
Berkowitz405,DJB,III,100,1,D
Berkowitz406,DJB,III,101,1,F
Berkowitz407,DJB,III,101,1,f#
Berkowitz408,DJB,III,101,1,C
Berkowitz409,DJB,III,102,1,c
Berkowitz410,DJB,III,102,1,F
Berkowitz411,DJB,III,102,1,e
Berkowitz412,DJB,III,102,1,c#
Berkowitz413,DJB,IV,103,1,C
Berkowitz414,DJB,IV,103,1,G
Berkowitz415,DJB,IV,103,1,f
Berkowitz416,DJB,IV,103,1,a
Berkowitz417,DJB,IV,104,1,F
Berkowitz418,DJB,IV,104,1,C
Berkowitz419,DJB,IV,104,1,E-
Berkowitz420,DJB,IV,104,1,B-
Berkowitz421,DJB,IV,105,1,f#
Berkowitz422,DJB,IV,105,1,E-
Berkowitz423,DJB,IV,105,1,E-
Berkowitz424,DJB,IV,105,1,b-
Berkowitz425,DJB,IV,106,1,B-
Berkowitz426,DJB,IV,106,1,C
Berkowitz427,DJB,IV,106,1,D
Berkowitz428,DJB,IV,106,1,A-
Berkowitz429,DJB,IV,107,1,D-
Berkowitz430,DJB,IV,107,1,D
Berkowitz431,DJB,IV,107,1,c
Berkowitz432,DJB,IV,107,1,D
Berkowitz433,DJB,IV,108,1,f#
Berkowitz434,DJB,IV,108,1,f#
Berkowitz435,DJB,IV,108,1,c#
Berkowitz436,DJB,IV,109,1,d
Berkowitz437,DJB,IV,109,1,e
Berkowitz438,DJB,IV,109,1,b
Berkowitz439,DJB,IV,109,1,g
Berkowitz440,DJB,IV,109,1,E
Berkowitz441,DJB,IV,110,1,D
Berkowitz442,DJB,IV,110,1,e
Berkowitz443,DJB,IV,110,1,d
Berkowitz444,DJB,IV,110,1,d
Berkowitz445,DJB,IV,110,1,g
Berkowitz446,DJB,IV,111,1,E
Berkowitz447,DJB,IV,111,1,D
Berkowitz448,DJB,IV,111,1,c
Berkowitz449,DJB,IV,112,1,c#
Berkowitz450,DJB,IV,112,1,e
Berkowitz451,DJB,IV,112,1,E-
Berkowitz452,DJB,IV,113,1,B-
Berkowitz453,DJB,IV,113,1,c#
Berkowitz454,DJB,IV,113,1,G
Berkowitz455,DJB,IV,113,1,C
Berkowitz456,DJB,IV,114,1,f
Berkowitz457,DJB,IV,114,1,F
Berkowitz458,DJB,IV,114,1,E
Berkowitz459,DJB,IV,114,1,b-
Berkowitz460,DJB,IV,114,1,b
Berkowitz461,DJB,IV,115,1,A-
Berkowitz462,DJB,IV,115,1,E
Berkowitz463,DJB,IV,115,1,c#
Berkowitz464,DJB,IV,115,1,F
Berkowitz465,DJB,IV,116,1,E-
Berkowitz466,DJB,IV,116,1,A-
Berkowitz467,DJB,IV,116,1,d
Berkowitz468,DJB,IV,116,1,f
Berkowitz469,DJB,IV,116,1,D
Berkowitz470,DJB,IV,117,1,d
Berkowitz471,DJB,IV,117,1,f
Berkowitz472,DJB,IV,117,1,F
Berkowitz473,DJB,IV,118,1,c
Berkowitz474,DJB,IV,118,1,c
Berkowitz475,DJB,IV,118,1,G
Berkowitz476,DJB,IV,118,1,B-
Berkowitz477,DJB,IV,119,1,B-
Berkowitz478,DJB,IV,119,1,e
Berkowitz479,DJB,IV,119,1,G
Berkowitz480,DJB,IV,119,1,E-
Berkowitz481,DJB,IV,120,1,E-
Berkowitz482,DJB,IV,120,1,b
Berkowitz483,DJB,IV,120,1,e
Berkowitz484,DJB,IV,120,1,c#
Berkowitz485,DJB,IV,121,1,E
Berkowitz486,DJB,IV,121,1,F
Berkowitz487,DJB,IV,121,1,E
Berkowitz488,DJB,IV,121,1,E-
Berkowitz489,DJB,IV,122,1,b
Berkowitz490,DJB,IV,122,1,e
Berkowitz491,DJB,IV,122,1,G
Berkowitz492,DJB,IV,122,1,d
Berkowitz493,DJB,IV,123,1,b
Berkowitz494,DJB,IV,123,1,g
Berkowitz495,DJB,IV,123,1,B-
Berkowitz496,DJB,IV,123,1,g
Berkowitz497,DJB,IV,124,1,f#
Berkowitz498,DJB,IV,124,1,E-
Berkowitz499,DJB,IV,124,1,D
Berkowitz500,DJB,IV,125,1,D
Berkowitz501,DJB,IV,125,1,G
Berkowitz502,DJB,IV,125,1,B-
Berkowitz503,DJB,IV,125,1,b-
Berkowitz504,DJB,IV,126,1,c
Berkowitz505,DJB,IV,126,1,a
Berkowitz506,DJB,IV,127,1,a
Berkowitz507,DJB,IV,127,1,c
Berkowitz508,DJB,IV,127,1,B
Berkowitz509,DJB,IV,128,1,f
Berkowitz510,DJB,IV,128,1,A-
Berkowitz511,DJB,IV,128,1,F
Berkowitz512,DJB,IV,128,1,A-
Berkowitz513,DJB,IV,129,1,D
Berkowitz514,DJB,IV,129,1,F
Berkowitz515,DJB,IV,129,1,F
Berkowitz516,DJB,IV,129,1,G
Berkowitz517,DJB,IV,129,1,F
Berkowitz518,DJB,IV,130,1,F
Berkowitz519,DJB,IV,130,1,F
Berkowitz520,DJB,IV,130,1,D-
Berkowitz521,DJB,IV,130,1,E
Berkowitz522,DJB,IV,131,1,C
Berkowitz523,DJB,IV,131,1,E-
Berkowitz524,DJB,IV,131,1,C
Berkowitz525,DJB,IV,131,1,b
Berkowitz526,DJB,IV,132,1,B-
Berkowitz527,DJB,IV,132,1,E-
Berkowitz528,DJB,IV,132,1,f
Berkowitz529,DJB,IV,132,1,B
Berkowitz530,DJB,IV,133,1,F
Berkowitz531,DJB,IV,133,1,D
Berkowitz532,DJB,IV,133,1,C
Berkowitz533,DJB,IV,133,1,C
Berkowitz534,DJB,IV,134,1,e
Berkowitz535,DJB,IV,134,1,C
Berkowitz536,DJB,IV,134,1,C
Berkowitz537,DJB,IV,134,1,B-
Berkowitz538,DJB,IV,134,1,d
Berkowitz539,DJB,IV,135,1,G
Berkowitz540,DJB,IV,135,1,C
Berkowitz541,DJB,V,137,1,C
Berkowitz542,DJB,V,137,1,C
Berkowitz543,DJB,V,137,1,C
Berkowitz544,DJB,V,137,1,C
Berkowitz545,DJB,V,137,1,C
Berkowitz546,DJB,V,138,1,C
Berkowitz547,DJB,V,138,1,C
Berkowitz548,DJB,V,138,1,C
Berkowitz549,DJB,V,139,1,C
Berkowitz550,DJB,V,139,1,C
Berkowitz551,DJB,V,139,1,C
Berkowitz552,DJB,V,139,1,C
Berkowitz553,DJB,V,140,1,C
Berkowitz554,DJB,V,140,1,C
Berkowitz555,DJB,V,140,1,C
Berkowitz556,DJB,V,141,1,C
Berkowitz557,DJB,V,141,1,C
Berkowitz558,DJB,V,141,1,C
Berkowitz559,DJB,V,141,1,C
Berkowitz560,DJB,V,142,1,C
Berkowitz561,DJB,V,142,1,C
Berkowitz562,DJB,V,142,1,C
Berkowitz563,DJB,V,142,1,C
Berkowitz564,DJB,V,143,1,C
Berkowitz565,DJB,V,143,1,C
Berkowitz566,DJB,V,143,1,C
Berkowitz567,DJB,V,143,1,C
Berkowitz568,DJB,V,144,1,C
Berkowitz569,DJB,V,144,1,C
Berkowitz570,DJB,V,144,1,C
Berkowitz571,CD,V,144,1,C
Berkowitz572,CD,V,155,1,C
Berkowitz573,CD,V,155,1,C
Berkowitz574,CD,V,155,1,C
Berkowitz575,CD,V,155,1,C
Berkowitz576,CD,V,156,1,C
Berkowitz577,CD,V,156,1,C
Berkowitz578,CD,V,156,1,C
Berkowitz579,CD,V,156,1,C
Berkowitz580,CD,V,147,1,C
Berkowitz581,CD,V,147,1,C
Berkowitz582,CD,V,147,1,C
Berkowitz583,AR,V,147,1,C
Berkowitz584,AR,V,147,1,C
Berkowitz585,AR,V,147,1,C
Berkowitz586,AR,V,147,1,C
Berkowitz587,AR,V,147,1,C
Berkowitz588,AR,V,149,1,C
Berkowitz589,AR,V,149,1,C
Berkowitz590,AR,V,149,1,C
Berkowitz591,AR,V,149,1,C
Berkowitz592,AR,V,150,1,C
Berkowitz593,AR,V,150,1,C
Berkowitz594,AR,V,150,1,C
Berkowitz595,AR,V,151,1,C
Berkowitz596,AR,V,151,1,C
Berkowitz597,AR,V,151,1,C
Berkowitz598,AR,V,152,1,C
Berkowitz599,AR,V,152,1,C
Berkowitz600,AR,V,152,1,C
Berkowitz601,AR,V,153,1,C
Berkowitz602,AR,V,153,1,C
Berkowitz603,AR,V,153,1,C
Berkowitz604,AR,V,154,1,C
Berkowitz605,AR,V,154,1,C
Berkowitz606,AR,V,154,1,C
Berkowitz607,AR,V,155,1,C
Berkowitz608,AR,V,155,1,C
Berkowitz609,AR,V,155,1,C
Berkowitz610,AR,V,155,1,C
Berkowitz611,AR,V,156,1,C
Berkowitz612,AR,V,156,1,C
Berkowitz613,AR,V,156,1,C
Berkowitz614,AR,V,156,1,C
Berkowitz615,AR,V,157,1,C
Berkowitz616,AR,V,157,1,C
Berkowitz617,AR,V,157,1,C
Berkowitz618,AR,V,157,1,C
Berkowitz619,AR,V,158,1,C
Berkowitz620,AR,V,158,1,C
Berkowitz621,AR,V,158,1,C
Berkowitz622,AR,V,158,1,C
Berkowitz623,AR,V,159,1,C
Berkowitz624,AR,V,159,1,C
Berkowitz625,AR,V,159,1,C
Berkowitz626,AR,V,159,1,C
Berkowitz627,AR,V,160,1,C
Berkowitz628,AR,V,160,1,C
Berkowitz629,AR,V,160,1,C
